Company,Linkedin Profiles to scrape for content,UsualContentType,Twitter Profiles to scrape for content,Newsletters to scrape for content,Blogs,Communities,Youtube,Podcasts,Reddit Comminities,Google alerts,Industry Sources
,https://www.linkedin.com/in/dave-engel-7862744/,"GTM, Events",,,,,,,,,
,https://www.linkedin.com/in/tom-alder/,"Newsletter, Lead Magnets",,,,,,,,,
,https://www.linkedin.com/in/paddy-galloway-459b8913a/,Lead Magnets,,,,,,,,,
,https://www.linkedin.com/in/kevinjurovich/,"Services, Market Entry",,,,,,,,,
,https://www.linkedin.com/in/dickiecurrer/,AUS Ecosystem,,,,,,,,,
,https://www.linkedin.com/in/matthew-bright-a51aa116/,"AUS Ecosystem, GTM",,,,,,,,,
,https://www.linkedin.com/in/taylortran1/,"AUS Ecosystem, Market Entry, Recruitment",,,,,,,,,
,https://www.linkedin.com/in/colinkleine/,"Market Entry, AUS Ecosystem",,,,,,,,,
,https://www.linkedin.com/in/asochan/,"Market Entry, AUS Ecosystem",,,,,,,,,
,https://www.linkedin.com/in/jonathanjeffries/,"AUS Ecosystem, Market Entry",,,,,,,,,
,https://www.linkedin.com/in/cameronrmckay/,"Market Entry, AUS Ecosystem",,,,,,,,,
,https://www.linkedin.com/in/dangrindrod/,"AUS Ecosystem, Sales, Recruitment",,,,,,,,,
,https://www.linkedin.com/in/sethdehart/,"GTM, Sales",,,,,,,,,
,https://www.linkedin.com/in/ryaning/,"Sales, Market Entry",,,,,,,,,
,https://www.linkedin.com/in/alex-palmer/,"AUS Ecosystem, Lead Gen, Sales",,,,,,,,,
,https://www.linkedin.com/in/seangrealy/,"AUS Ecosystem, Sales",,,,,,,,,
,https://www.linkedin.com/in/john-ryan-5514315/,"Market Entry, GTM, AUS Ecosystem",,,,,,,,,
,https://www.linkedin.com/in/matt-rowles/,"Recruitment, GTM, Market Entry, AUS Ecosystem",,,,,,,,,
,https://www.linkedin.com/in/jbergl/,"Recruitment, AUS Ecosystem",,,,,,,,,
,https://www.linkedin.com/in/stevedawson1/,"Market Entry, AUS Ecosystem",,,,,,,,,
,https://www.linkedin.com/in/nick-abraham/,"Lead Gen, Sales",,,,,,,,,
,https://www.linkedin.com/in/michel-lieben/,"Sales, Lead Gen",,,,,,,,,
,https://www.linkedin.com/in/alex-vacca/,Sales,,,,,,,,,
,https://www.linkedin.com/in/aaron-reeves-sales/,Sales,,,,,,,,,
,https://www.linkedin.com/in/glennmiseroy/,Lead Gen,,,,,,,,,
,https://www.linkedin.com/in/max-mitcham/,"GTM, Lead Gen",,,,,,,,,
,https://www.linkedin.com/in/anthony-natoli/,Sales,,,,,,,,,
,https://www.linkedin.com/in/pranshu31j/,Lead Gen,,,,,,,,,
,https://www.linkedin.com/in/olesiakrilyshyn/,Lead Gen,,,,,,,,,
,https://www.linkedin.com/in/donnellychris/,GTM,,,,,,,,,
,https://www.linkedin.com/in/matthewrichardputnam/,Sales,,,,,,,,,
,https://www.linkedin.com/in/coldemailchris/,Lead Gen,,,,,,,,,
,https://www.linkedin.com/in/rumen-marinov-%F0%9F%A5%87-00b458174/,Lead Gen,,,,,,,,,
,https://www.linkedin.com/in/troymunson/,"GTM, Sales, Lead Gen",,,,,,,,,
,https://www.linkedin.com/in/jakezward/,"Lead Gen, Sales",,,,,,,,,
,https://www.linkedin.com/in/billstath/,"Sales, Lead Gen",,,,,,,,,
,https://www.linkedin.com/in/outboundphd/,"Sales, Lead Gen",,,,,,,,,
,https://www.linkedin.com/in/shoaibahmed21/,"Lead Gen, Sales",,,,,,,,,
,https://www.linkedin.com/in/maxengberts/,"Sales, Lead Gen",,,,,,,,,
,https://www.linkedin.com/in/danbrockwell/,"Sales, Lead Gen, AUS Ecosystem",,,,,,,,,
,https://www.linkedin.com/in/darrenmckeesales/,"Sales, Lead Gen",,,,,,,,,
,https://www.linkedin.com/in/grycz-monika/,"Sales, Lead Gen",,,,,,,,,
,https://www.linkedin.com/in/finnthormeier/,"Sales, Lead Gen",,,,,,,,,
,https://www.linkedin.com/in/nadavshomer/,"Sales, Lead Gen",,,,,,,,,
,https://www.linkedin.com/in/dw1232/,"Sales, Lead Gen",,,,,,,,,
,https://www.linkedin.com/in/scott-martinis/,"Sales, Lead Gen",,,,,,,,,
,https://www.linkedin.com/in/justin-rowe-4043339b/,"Sales, Lead Gen",,,,,,,,,
,https://www.linkedin.com/in/patrickwalls/,"Sales, GTM",,,,,,,,,
,https://www.linkedin.com/in/meganluttrell?utm_source=share&utm_campaign=share_via&utm_content=profile&utm_medium=android_app,AUS Ecosystem,,,,,,,,,
,https://www.linkedin.com/in/liz-van-zyl?utm_source=share&utm_campaign=share_via&utm_content=profile&utm_medium=android_app,AUS Ecosystem,,,,,,,,,
,https://www.linkedin.com/in/dcirl/,"GTM, Startups",,,,,,,,,
,https://www.linkedin.com/in/daycolin?utm_source=share&utm_campaign=share_via&utm_content=profile&utm_medium=android_app,,,,,,,,,,
,https://www.linkedin.com/in/dangrindrod?utm_source=share&utm_campaign=share_via&utm_content=profile&utm_medium=android_app,,,,,,,,,,
,https://www.linkedin.com/in/marcus-whittington-66289?utm_source=share&utm_campaign=share_via&utm_content=profile&utm_medium=android_app,,,,,,,,,,
Intralink,https://www.linkedin.com/company/intralink,,,,,,,,,,
Think and Grow,https://www.linkedin.com/company/thinkandgrow,,,,,,,,,,
Export Connect,https://www.linkedin.com/company/exportconnect,,,,,,,,,,
Biz Latin Hub,https://www.linkedin.com/company/biz-latin-hub-group,,,,,,,,,,
NewFound,https://www.linkedin.com/company/newfound-global,,,,,,,,,,
Skaled,https://www.linkedin.com/company/skaled,,,,,,,,,,
Accelerator Asia (AccelerAsia),https://www.linkedin.com/company/accelerasia,,,,,,,,,,
IBG Global,https://www.linkedin.com/company/ibgglobal,,,,,,,,,,
Asia Market Entry,https://www.linkedin.com/company/asia-market-entry,,,,,,,,,,
We Are Irish Global,https://www.linkedin.com/company/we-are-global-irish,,,,,,,,,,
Infinity Growth,https://www.linkedin.com/company/infinitygrowthglobal/,,,,,,,,,,
EntryPlanet / Entry Planet,https://www.linkedin.com/company/entryplanet/about/,,,,,,,,,,
Advisia Group,https://www.linkedin.com/company/advisiagroup,,,,,,,,,,
Beachhead (Beachhead Advantage),https://www.linkedin.com/company/beachhead-management-pty-ltd,,,,,,,,,,
Gufy,https://www.linkedin.com/company/gufy/,,,,,,,,,,
Foley,https://www.linkedin.com/company/foley-&-associates-pty-ltd,,,,,,,,,,
SalesPond,https://www.linkedin.com/company/sales-pond,,,,,,,,,,
Saviday,https://www.linkedin.com/company/saviday,,,,,,,,,,
Salamander Advisory,https://www.linkedin.com/company/salamander-advisory-services,,,,,,,,,,
Accelerate Growth,https://www.linkedin.com/company/accelerate-growth-pty-ltd,,,,,,,,,,
Foothold America,https://www.linkedin.com/company/foothold-america,,,,,,,,,,
Haymarket HQ,https://www.linkedin.com/company/haymarkethq,,,,,,,,,,
Duco Van Breemen,https://www.linkedin.com/in/ducovanbreemen/,,,,,,,,,,
The GTM Studio,https://www.linkedin.com/company/thegtmstudio/,,,,,,,,,,
British Tech Advisors,https://www.linkedin.com/company/britishtechadvisors,,,,,,,,,,
Andrew Stott,https://www.linkedin.com/in/andrewstotttmt/,,,,,,,,,,
Stephen Mullan,https://www.linkedin.com/in/stephenmullan1/,,,,,,,,,,
Ray Fleming,https://www.linkedin.com/in/rayfleming1/,,,,,,,,,,
Ignite Partners,https://www.linkedin.com/company/ignite-partners-europe-australia,,,,,,,,,,
Nextgen / oSpace,–,,,,,,,,,,
Livl,–,,,,,,,,,,
Select Strategies,–,,,,,,,,,,
Expand with Ace / Expand With Ace,–,,,,,,,,,,
Australia GTM,–,,,,,,,,,,
IDI – International Development Ireland,–,,,,,,,,,,
Grow Saas / Grow SaaS,–,,,,,,,,,,
Aus to America,–,,,,,,,,,,
Desmond John,https://www.linkedin.com/in/desmond-john/,,,,,,,,,,
,https://www.linkedin.com/in/neville-wilkins/,,,,,,,,,,
,https://www.linkedin.com/in/exceptionalgrowthprofitability/,,,,,,,,,,
,https://www.linkedin.com/in/samcust?utm_source=share&utm_campaign=share_via&utm_content=profile&utm_medium=android_app,,,,,,,,,,
,https://www.linkedin.com/in/aaronbirkby?utm_source=share&utm_campaign=share_via&utm_content=profile&utm_medium=android_app,,,,,,,,,,
,https://www.linkedin.com/in/ben-ford-142a027?utm_source=share&utm_campaign=share_via&utm_content=profile&utm_medium=android_app,,,,,,,,,,
,https://www.linkedin.com/in/kirkdrage/,,,,,,,,,,
,https://www.linkedin.com/company/leapsheep/posts/?feedView=all,,,,,,,,,,
,https://www.linkedin.com/in/bryanwilliamsaus?utm_source=share&utm_campaign=share_via&utm_content=profile&utm_medium=android_app,,,,,,,,,,
,https://www.linkedin.com/in/ryaning/,,,,,,,,,,
,https://www.linkedin.com/in/paul-mitchinson-8a4a06129/,,,,,,,,,,
,https://www.linkedin.com/in/stephenryancmo/,,,,,,,,,,
,https://www.linkedin.com/in/jackwilliams5294/,,,,,,,,,,
,https://www.linkedin.com/in/jessicamnty/,,,,,,,,,,